index,subset,n,percentage
True,main_subset,32763,0.909704289879217
False,side_subset,3252,0.09029571012078301
